CREATE TABLE PAIS (
    ID_PAIS INT PRIMARY KEY NOT NULL,
    NOME VARCHAR2(50) UNIQUE NOT NULL
);

CREATE TABLE ESTADO (
    ID_ESTADO INT PRIMARY KEY NOT NULL,
    ID_PAIS INT NOT NULL,
    NOME VARCHAR2(50) UNIQUE NOT NULL,
    CONSTRAINT FK_ID_PAIS FOREIGN KEY ( ID_PAIS ) REFERENCES PAIS (ID_PAIS)
);

CREATE TABLE CIDADE (
    ID_CIDADE INT NOT NULL,
    ID_ESTADO INT NOT NULL,
    NOME VARCHAR2(50) UNIQUE NOT NULL,
    CONSTRAINT PK_ID_CIDADE_ESTADO PRIMARY KEY ( ID_CIDADE, ID_ESTADO ),
    CONSTRAINT FK_ID_ESTADO FOREIGN KEY ( ID_ESTADO ) REFERENCES ESTADO ( ID_ESTADO )
);

CREATE TABLE BAIRRO (
    ID_BAIRRO INT NOT NULL,
    ID_CIDADE INT NOT NULL,
    ID_ESTADO INT NOT NULL,
    NOME VARCHAR2(50) NOT NULL,
    CONSTRAINT PK_ID_BAIRRO_CIDADE PRIMARY KEY ( ID_BAIRRO, ID_CIDADE ),
    CONSTRAINT FK_ID_CIDADE FOREIGN KEY ( ID_CIDADE, ID_ESTADO ) REFERENCES CIDADE (ID_CIDADE, ID_ESTADO )
);

CREATE TABLE ENDERECO (
    ID_ENDERECO INT PRIMARY KEY NOT NULL,
    ID_BAIRRO INT NOT NULL,
    ID_CIDADE INT NOT NULL,
    LOGRADOURO VARCHAR2(255) NOT NULL,
    NUMERO INT NOT NULL,
    COMPLEMENTO VARCHAR(100),
    CEP CHAR(9) NOT NULL,
    CONSTRAINT FK_ID_BAIRRO_CIDADE FOREIGN KEY ( ID_BAIRRO, ID_CIDADE ) REFERENCES BAIRRO ( ID_BAIRRO, ID_CIDADE )
);

CREATE TABLE BANCOS(
    CODIGO CHAR(4) NOT NULL,
    NOME VARCHAR2(35) NOT NULL,
    CONSTRAINT PK_BANCO PRIMARY KEY ( CODIGO )
);

CREATE TABLE AGENCIA( 
    CODIGO CHAR(6) NOT NULL,
    NOME VARCHAR2(25) NOT NULL,
    ID_BANCO CHAR(4) NOT NULL,
    ID_ENDERECO INT NOT NULL,
    CONSTRAINT FK_CODIGO_BANCO FOREIGN KEY ( ID_BANCO ) REFERENCES BANCOS ( CODIGO ),
    CONSTRAINT FK_ID_ENDERECO FOREIGN KEY ( ID_ENDERECO ) REFERENCES ENDERECO ( ID_ENDERECO ),
    CONSTRAINT PK_ID_BANCO_CODIGO PRIMARY KEY ( ID_BANCO, CODIGO )
);

CREATE TABLE CONSOLIDACAO (
    ID_CONSOLIDACAO INT PRIMARY KEY NOT NULL,
    ID_AGENCIA CHAR(6) NOT NULL,
    ID_BANCO CHAR(4) NOT NULL,
    SALDO_ATUAL DECIMAL(10,2) NOT NULL,
    SAQUES DECIMAL(10,2) NOT NULL,
    DEPOSITOS DECIMAL (10,2) NOT NULL,
    NUMERO_DE_CORRENTISTAS INT NOT NULL,
    CONSTRAINT FK_ID_AGENCIA_BANCO FOREIGN KEY ( ID_AGENCIA, ID_BANCO ) REFERENCES AGENCIA ( CODIGO, ID_BANCO )
);

-- EXERCICIO 2

CREATE TABLE TIPO_DE_CONTA (
    ID_TIPO_DE_CONTA INT PRIMARY KEY NOT NULL,
    DESCRICAO VARCHAR2(15)
);

CREATE TABLE CONTA(
    CODIGO INT NOT NULL,
    SALDO DECIMAL ( 10,4 ) NOT NULL,
    ID_AGENCIA CHAR(6) NOT NULL,
    ID_BANCO CHAR(4) NOT NULL,
    ID_TIPO_DE_CONTA INT NOT NULL,
    CONSTRAINT PK_CODIGO PRIMARY KEY ( CODIGO ),
    CONSTRAINT FK_TIPO_DE_CONTA_ID FOREIGN KEY ( ID_TIPO_DE_CONTA ) REFERENCES TIPO_DE_CONTA ( ID_TIPO_DE_CONTA ),
    CONSTRAINT FK_AGENCIA_BANCO FOREIGN KEY ( ID_AGENCIA, ID_BANCO ) REFERENCES AGENCIA ( CODIGO , ID_BANCO )
);

CREATE TABLE MOVIMENTACOES(
    ID_MOVIMENTACOES INT PRIMARY KEY NOT NULL,
    CODIGO_CONTA INT NOT NULL,
    TIPO VARCHAR2(10) CHECK(TIPO IN ('DÉBITO','CRÉDITO') ),
    VALOR DECIMAL(18,2) NOT NULL,
    CONSTRAINT FK_CODIGO_CONTA FOREIGN KEY ( CODIGO_CONTA ) REFERENCES CONTA ( CODIGO )
);

CREATE TABLE CLIENTE(
    CPF CHAR(14)PRIMARY KEY NOT NULL,
    NOME VARCHAR2(70) NOT NULL,
    DATA_DE_NASCIMENTO DATE NOT NULL,
    ESTADO_CIVIL VARCHAR2(10) CHECK(ESTADO_CIVIL IN ('SOLTEIRO', 'CASADO', 'DIVORCIADO', 'UNIÃO ESTÁVEL', 'VIUVO') )
);

CREATE TABLE CLIENTE_X_ENDERECO (
    ID_CLIENTE CHAR(14) NOT NULL,
    ID_ENDERECO INT NOT NULL,
    CONSTRAINT PK_ID_CLIENTE_ENDERECO PRIMARY KEY ( ID_CLIENTE, ID_ENDERECO ),
    CONSTRAINT FK_ID_ENDERECO_CLIENTE FOREIGN KEY ( ID_ENDERECO ) REFERENCES ENDERECO ( ID_ENDERECO ) ,
    CONSTRAINT FK_ID_CLIENTE FOREIGN KEY ( ID_CLIENTE ) REFERENCES CLIENTE ( CPF ) 
);

CREATE TABLE CONTA_X_CLIENTE(
    ID_CLIENTE CHAR(14) NOT NULL,
    ID_CONTA INT NOT NULL,
    ID_BANCO CHAR(4) NOT NULL,
    ID_TIPO_CONTA INT NOT NULL, 
    CONSTRAINT PK_ID_CLIENTE_BANCO_TIPO_CONTA PRIMARY KEY ( ID_CLIENTE, ID_BANCO, ID_TIPO_CONTA ),
    CONSTRAINT FK_ID_BANCO_2 FOREIGN KEY ( ID_BANCO) REFERENCES BANCOS ( CODIGO ),
    CONSTRAINT FK_CODIGO_CONTA_2 FOREIGN KEY ( ID_CONTA ) REFERENCES CONTA ( CODIGO ),    
    CONSTRAINT FK_ID_TIPO_CONTA_2 FOREIGN KEY ( ID_TIPO_CONTA) REFERENCES TIPO_DE_CONTA ( ID_TIPO_DE_CONTA ),
    CONSTRAINT FK_ID_CLIENTE_2 FOREIGN KEY ( ID_CLIENTE ) REFERENCES CLIENTE ( CPF )
);

CREATE TABLE GERENTE (
    CODIGO_FUNCIONARIO INT NOT NULL,
    CPF CHAR(14) PRIMARY KEY NOT NULL,
    TIPO_GERENTE CHAR(2) CHECK ( TIPO_GERENTE IN ( 'GC', 'GG' ) ),
    ID_AGENCIA CHAR(6) NOT NULL,
    ID_BANCO CHAR(4) NOT NULL,
    CONSTRAINT FK_ID_CLIENTE_3 FOREIGN KEY ( CPF ) REFERENCES CLIENTE ( CPF ),
    CONSTRAINT FK_AGENCIA_2_GERENTE FOREIGN KEY ( ID_AGENCIA, ID_BANCO ) REFERENCES AGENCIA ( CODIGO , ID_BANCO )
);

CREATE TABLE GERENTE_X_CONTAS (
    CODIGO_GERENTE CHAR(14) NOT NULL,
    CODIGO_CONTA INT NOT NULL,
    CONSTRAINT PK_ID_GERENTE_CONTA PRIMARY KEY ( CODIGO_GERENTE, CODIGO_CONTA),
    CONSTRAINT FK_CODIGO_GERENTE FOREIGN KEY ( CODIGO_GERENTE ) REFERENCES GERENTE ( CPF ),
    CONSTRAINT FK_CODIGO_CONTA_GERENTE FOREIGN KEY ( CODIGO_CONTA ) REFERENCES CONTA( CODIGO )
);

--EXERCICIO 05

CREATE SEQUENCE BANCO_SEQ
    START WITH 1
    INCREMENT BY 1
    NOCYCLE;

INSERT INTO BANCOS ( CODIGO , NOME ) VALUES ( 011, 'Banco Alfa' );
INSERT INTO BANCOS ( CODIGO , NOME ) VALUES ( 241, 'Banco Beta' );
INSERT INTO BANCOS ( CODIGO , NOME ) VALUES ( 307, 'Banco Omega' );

CREATE SEQUENCE PAIS_SEQ
    START WITH 1
    INCREMENT BY 1
    NOCYCLE;

INSERT INTO PAIS ( ID_PAIS, NOME ) VALUES ( PAIS_SEQ.NEXTVAL, 'Brasil' ); 
INSERT INTO PAIS ( ID_PAIS, NOME ) VALUES ( PAIS_SEQ.NEXTVAL, 'EUA' ); 
INSERT INTO PAIS ( ID_PAIS, NOME ) VALUES ( PAIS_SEQ.NEXTVAL, 'England' ); 
INSERT INTO PAIS ( ID_PAIS, NOME ) VALUES ( PAIS_SEQ.NEXTVAL, 'Argentina' ); 
INSERT INTO PAIS ( ID_PAIS, NOME ) VALUES ( PAIS_SEQ.NEXTVAL, 'Chile' ); 

CREATE SEQUENCE ESTADO_SEQ
    START WITH 1
    INCREMENT BY 1
    NOCYCLE;

INSERT INTO ESTADO ( ID_ESTADO, ID_PAIS, NOME ) VALUES ( ESTADO_SEQ.NEXTVAL, 1, 'NA' ); 
INSERT INTO ESTADO ( ID_ESTADO, ID_PAIS, NOME ) VALUES ( ESTADO_SEQ.NEXTVAL, 2, 'California' );
INSERT INTO ESTADO ( ID_ESTADO, ID_PAIS, NOME ) VALUES ( ESTADO_SEQ.NEXTVAL, 3, 'Boroughs' );
INSERT INTO ESTADO ( ID_ESTADO, ID_PAIS, NOME ) VALUES ( ESTADO_SEQ.NEXTVAL, 1, 'São Paulo' );
INSERT INTO ESTADO ( ID_ESTADO, ID_PAIS, NOME ) VALUES ( ESTADO_SEQ.NEXTVAL, 4, 'Buenos Aires' );


CREATE SEQUENCE CIDADE_SEQ
    START WITH 1
    INCREMENT BY 1
    NOCYCLE;
    
INSERT INTO CIDADE ( ID_CIDADE, ID_ESTADO, NOME ) VALUES ( CIDADE_SEQ.NEXTVAL, 1, 'NA' );
INSERT INTO CIDADE ( ID_CIDADE, ID_ESTADO, NOME ) VALUES ( CIDADE_SEQ.NEXTVAL, 2, 'San Francisco' );
INSERT INTO CIDADE ( ID_CIDADE, ID_ESTADO, NOME ) VALUES ( CIDADE_SEQ.NEXTVAL, 3, 'Lodres' );
INSERT INTO CIDADE ( ID_CIDADE, ID_ESTADO, NOME ) VALUES ( CIDADE_SEQ.NEXTVAL, 4, 'Itu' );
INSERT INTO CIDADE ( ID_CIDADE, ID_ESTADO, NOME ) VALUES ( CIDADE_SEQ.NEXTVAL, 5, 'Buenos Aires' );

CREATE SEQUENCE BAIRRO_SEQ
    START WITH 1
    INCREMENT BY 1
    NOCYCLE;
    
INSERT INTO BAIRRO ( ID_BAIRRO, ID_CIDADE, ID_ESTADO, NOME ) VALUES ( BAIRRO_SEQ.NEXTVAL, 1, 1,  'NA' );
INSERT INTO BAIRRO ( ID_BAIRRO, ID_CIDADE, ID_ESTADO, NOME ) VALUES ( BAIRRO_SEQ.NEXTVAL, 2, 2,  'Between Hyde and Powell Streets' );
INSERT INTO BAIRRO ( ID_BAIRRO, ID_CIDADE, ID_ESTADO, NOME ) VALUES ( BAIRRO_SEQ.NEXTVAL, 3, 3,  'Croydon' );
INSERT INTO BAIRRO ( ID_BAIRRO, ID_CIDADE, ID_ESTADO, NOME ) VALUES ( BAIRRO_SEQ.NEXTVAL, 4, 4,  'Qualquer' );
INSERT INTO BAIRRO ( ID_BAIRRO, ID_CIDADE, ID_ESTADO, NOME ) VALUES ( BAIRRO_SEQ.NEXTVAL, 5, 5,  'Caminito' );

CREATE SEQUENCE ENDERECO_SEQ
    START WITH 1
    INCREMENT BY 1
    NOCYCLE;

INSERT INTO ENDERECO( ID_ENDERECO, ID_BAIRRO, ID_CIDADE, LOGRADOURO, NUMERO, COMPLEMENTO, CEP) VALUES ( ENDERECO_SEQ.NEXTVAL, 1, 1, 'Rua Testando', 55, 'loja 1', '00000-000');
INSERT INTO ENDERECO( ID_ENDERECO, ID_BAIRRO, ID_CIDADE, LOGRADOURO, NUMERO, CEP) VALUES ( ENDERECO_SEQ.NEXTVAL, 2, 2, 'Rua Testing', 122,  '00000-000');
INSERT INTO ENDERECO( ID_ENDERECO, ID_BAIRRO, ID_CIDADE, LOGRADOURO, NUMERO, CEP) VALUES ( ENDERECO_SEQ.NEXTVAL, 3, 3, 'Rua Tesing', 525,  '00000-000');
INSERT INTO ENDERECO( ID_ENDERECO, ID_BAIRRO, ID_CIDADE, LOGRADOURO, NUMERO, COMPLEMENTO, CEP) VALUES ( ENDERECO_SEQ.NEXTVAL, 1, 1, 'Rua Testando', 55, 'loja 2', '00000-000');
INSERT INTO ENDERECO( ID_ENDERECO, ID_BAIRRO, ID_CIDADE, LOGRADOURO, NUMERO, COMPLEMENTO, CEP) VALUES ( ENDERECO_SEQ.NEXTVAL, 1, 1, 'Rua Testando', 55, 'loja 3', '00000-000');
INSERT INTO ENDERECO( ID_ENDERECO, ID_BAIRRO, ID_CIDADE, LOGRADOURO, NUMERO, CEP) VALUES ( ENDERECO_SEQ.NEXTVAL, 4, 4, 'Rua do meio', 2233, '00000-000');
INSERT INTO ENDERECO( ID_ENDERECO, ID_BAIRRO, ID_CIDADE, LOGRADOURO, NUMERO, CEP) VALUES ( ENDERECO_SEQ.NEXTVAL, 5, 5, 'Rua do boca', 222, '00000-000');

CREATE SEQUENCE AGENCIA_SEQ
    START WITH 1
    INCREMENT BY 1
    NOCYCLE;

INSERT INTO AGENCIA ( CODIGO, NOME, ID_BANCO, ID_ENDERECO) VALUES ( 0001, 'Web', 011, 1 );
INSERT INTO AGENCIA ( CODIGO, NOME, ID_BANCO, ID_ENDERECO) VALUES ( 0002, 'California', 11, 2);
INSERT INTO AGENCIA ( CODIGO, NOME, ID_BANCO, ID_ENDERECO) VALUES ( 0101, 'Londres', 11, 3);
INSERT INTO AGENCIA ( CODIGO, NOME, ID_BANCO, ID_ENDERECO) VALUES ( 0001, 'Web', 241, 4);
INSERT INTO AGENCIA ( CODIGO, NOME, ID_BANCO, ID_ENDERECO) VALUES ( 0001, 'Web', 307, 5);
INSERT INTO AGENCIA ( CODIGO, NOME, ID_BANCO, ID_ENDERECO) VALUES ( 8761, 'Itu', 307, 6);
INSERT INTO AGENCIA ( CODIGO, NOME, ID_BANCO, ID_ENDERECO) VALUES ( 4567, 'Hermana', 307, 7);

--EXERCICIO 06

INSERT INTO CLIENTE ( CPF, NOME, DATA_DE_NASCIMENTO, ESTADO_CIVIL ) VALUES ( '000.000.000-01', 'CLIENTE 1', TO_DATE('2000/01/01', 'yyyy/mm/dd'), 'SOLTEIRO' );
INSERT INTO CLIENTE ( CPF, NOME, DATA_DE_NASCIMENTO, ESTADO_CIVIL ) VALUES ( '000.000.000-02', 'CLIENTE 2', TO_DATE('2000/01/01', 'yyyy/mm/dd'), 'SOLTEIRO' );
INSERT INTO CLIENTE ( CPF, NOME, DATA_DE_NASCIMENTO, ESTADO_CIVIL ) VALUES ( '000.000.000-03', 'CLIENTE 3', TO_DATE('2000/01/01', 'yyyy/mm/dd'), 'SOLTEIRO' );
INSERT INTO CLIENTE ( CPF, NOME, DATA_DE_NASCIMENTO, ESTADO_CIVIL ) VALUES ( '000.000.000-04', 'CLIENTE 4', TO_DATE('2000/01/01', 'yyyy/mm/dd'), 'SOLTEIRO' );
INSERT INTO CLIENTE ( CPF, NOME, DATA_DE_NASCIMENTO, ESTADO_CIVIL ) VALUES ( '000.000.000-05', 'CLIENTE 5', TO_DATE('2000/01/01', 'yyyy/mm/dd'), 'SOLTEIRO' );
INSERT INTO CLIENTE ( CPF, NOME, DATA_DE_NASCIMENTO, ESTADO_CIVIL ) VALUES ( '000.000.000-06', 'CLIENTE 6', TO_DATE('2000/01/01', 'yyyy/mm/dd'), 'SOLTEIRO' );
INSERT INTO CLIENTE ( CPF, NOME, DATA_DE_NASCIMENTO, ESTADO_CIVIL ) VALUES ( '000.000.000-07', 'CLIENTE 7', TO_DATE('2000/01/01', 'yyyy/mm/dd'), 'SOLTEIRO' );
INSERT INTO CLIENTE ( CPF, NOME, DATA_DE_NASCIMENTO, ESTADO_CIVIL ) VALUES ( '000.000.000-08', 'CLIENTE 8', TO_DATE('2000/01/01', 'yyyy/mm/dd'), 'SOLTEIRO' );
INSERT INTO CLIENTE ( CPF, NOME, DATA_DE_NASCIMENTO, ESTADO_CIVIL ) VALUES ( '000.000.000-09', 'CLIENTE 9', TO_DATE('2000/01/01', 'yyyy/mm/dd'), 'SOLTEIRO' );
INSERT INTO CLIENTE ( CPF, NOME, DATA_DE_NASCIMENTO, ESTADO_CIVIL ) VALUES ( '000.000.000-10', 'CLIENTE 10', TO_DATE('2000/01/01', 'yyyy/mm/dd'), 'SOLTEIRO' );
INSERT INTO CLIENTE ( CPF, NOME, DATA_DE_NASCIMENTO, ESTADO_CIVIL ) VALUES ( '000.000.000-11', 'CLIENTE 11', TO_DATE('2000/01/01', 'yyyy/mm/dd'), 'SOLTEIRO' );
INSERT INTO CLIENTE ( CPF, NOME, DATA_DE_NASCIMENTO, ESTADO_CIVIL ) VALUES ( '000.000.000-12', 'CLIENTE 12', TO_DATE('2000/01/01', 'yyyy/mm/dd'), 'SOLTEIRO' );
INSERT INTO CLIENTE ( CPF, NOME, DATA_DE_NASCIMENTO, ESTADO_CIVIL ) VALUES ( '000.000.000-13', 'CLIENTE 13', TO_DATE('2000/01/01', 'yyyy/mm/dd'), 'SOLTEIRO' );
INSERT INTO CLIENTE ( CPF, NOME, DATA_DE_NASCIMENTO, ESTADO_CIVIL ) VALUES ( '000.000.000-14', 'CLIENTE 14', TO_DATE('2000/01/01', 'yyyy/mm/dd'), 'SOLTEIRO' );
INSERT INTO CLIENTE ( CPF, NOME, DATA_DE_NASCIMENTO, ESTADO_CIVIL ) VALUES ( '000.000.000-15', 'CLIENTE 15', TO_DATE('2000/01/01', 'yyyy/mm/dd'), 'SOLTEIRO' );
INSERT INTO CLIENTE ( CPF, NOME, DATA_DE_NASCIMENTO, ESTADO_CIVIL ) VALUES ( '000.000.000-16', 'CLIENTE 16', TO_DATE('2000/01/01', 'yyyy/mm/dd'), 'SOLTEIRO' );
INSERT INTO CLIENTE ( CPF, NOME, DATA_DE_NASCIMENTO, ESTADO_CIVIL ) VALUES ( '000.000.000-17', 'CLIENTE 17', TO_DATE('2000/01/01', 'yyyy/mm/dd'), 'SOLTEIRO' );
INSERT INTO CLIENTE ( CPF, NOME, DATA_DE_NASCIMENTO, ESTADO_CIVIL ) VALUES ( '000.000.000-18', 'CLIENTE 18', TO_DATE('2000/01/01', 'yyyy/mm/dd'), 'SOLTEIRO' );
INSERT INTO CLIENTE ( CPF, NOME, DATA_DE_NASCIMENTO, ESTADO_CIVIL ) VALUES ( '000.000.000-19', 'CLIENTE 19', TO_DATE('2000/01/01', 'yyyy/mm/dd'), 'SOLTEIRO' );
INSERT INTO CLIENTE ( CPF, NOME, DATA_DE_NASCIMENTO, ESTADO_CIVIL ) VALUES ( '000.000.000-20', 'CLIENTE 20', TO_DATE('2000/01/01', 'yyyy/mm/dd'), 'SOLTEIRO' );
INSERT INTO CLIENTE ( CPF, NOME, DATA_DE_NASCIMENTO, ESTADO_CIVIL ) VALUES ( '000.000.000-21', 'CLIENTE 21', TO_DATE('2000/01/01', 'yyyy/mm/dd'), 'SOLTEIRO' );
INSERT INTO CLIENTE ( CPF, NOME, DATA_DE_NASCIMENTO, ESTADO_CIVIL ) VALUES ( '000.000.000-22', 'CLIENTE 22', TO_DATE('2000/01/01', 'yyyy/mm/dd'), 'SOLTEIRO' );
INSERT INTO CLIENTE ( CPF, NOME, DATA_DE_NASCIMENTO, ESTADO_CIVIL ) VALUES ( '000.000.000-23', 'CLIENTE 23', TO_DATE('2000/01/01', 'yyyy/mm/dd'), 'SOLTEIRO' );
INSERT INTO CLIENTE ( CPF, NOME, DATA_DE_NASCIMENTO, ESTADO_CIVIL ) VALUES ( '000.000.000-24', 'CLIENTE 24', TO_DATE('2000/01/01', 'yyyy/mm/dd'), 'SOLTEIRO' );
INSERT INTO CLIENTE ( CPF, NOME, DATA_DE_NASCIMENTO, ESTADO_CIVIL ) VALUES ( '000.000.000-25', 'CLIENTE 25', TO_DATE('2000/01/01', 'yyyy/mm/dd'), 'SOLTEIRO' );
INSERT INTO CLIENTE ( CPF, NOME, DATA_DE_NASCIMENTO, ESTADO_CIVIL ) VALUES ( '000.000.000-26', 'CLIENTE 26', TO_DATE('2000/01/01', 'yyyy/mm/dd'), 'SOLTEIRO' );
INSERT INTO CLIENTE ( CPF, NOME, DATA_DE_NASCIMENTO, ESTADO_CIVIL ) VALUES ( '000.000.000-27', 'CLIENTE 27', TO_DATE('2000/01/01', 'yyyy/mm/dd'), 'SOLTEIRO' );
INSERT INTO CLIENTE ( CPF, NOME, DATA_DE_NASCIMENTO, ESTADO_CIVIL ) VALUES ( '000.000.000-28', 'CLIENTE 28', TO_DATE('2000/01/01', 'yyyy/mm/dd'), 'SOLTEIRO' );
INSERT INTO CLIENTE ( CPF, NOME, DATA_DE_NASCIMENTO, ESTADO_CIVIL ) VALUES ( '000.000.000-29', 'CLIENTE 29', TO_DATE('2000/01/01', 'yyyy/mm/dd'), 'SOLTEIRO' );
INSERT INTO CLIENTE ( CPF, NOME, DATA_DE_NASCIMENTO, ESTADO_CIVIL ) VALUES ( '000.000.000-30', 'CLIENTE 30', TO_DATE('2000/01/01', 'yyyy/mm/dd'), 'SOLTEIRO' );

CREATE SEQUENCE TIPO_DE_CONTA_SEQ
    START WITH 1
    INCREMENT BY 1
    NOCYCLE;
    
INSERT INTO TIPO_DE_CONTA ( ID_TIPO_DE_CONTA, DESCRICAO ) VALUES ( TIPO_DE_CONTA_SEQ.NEXTVAL, 'PJ' );
INSERT INTO TIPO_DE_CONTA ( ID_TIPO_DE_CONTA, DESCRICAO ) VALUES ( TIPO_DE_CONTA_SEQ.NEXTVAL, 'PF' );
INSERT INTO TIPO_DE_CONTA ( ID_TIPO_DE_CONTA, DESCRICAO ) VALUES ( TIPO_DE_CONTA_SEQ.NEXTVAL, 'CONJ' );
INSERT INTO TIPO_DE_CONTA ( ID_TIPO_DE_CONTA, DESCRICAO ) VALUES ( TIPO_DE_CONTA_SEQ.NEXTVAL, 'INVEST' );

CREATE SEQUENCE CONTA_SEQ
    START WITH 1
    INCREMENT BY 1
    NOCYCLE;

--CRIAÇÃO DAS CONTAS DO BANCO 011
--CLIENTES COM CPF 01 - 10
--CONTAS DA AGENCIA 1
INSERT INTO CONTA ( CODIGO, SALDO, ID_AGENCIA, ID_BANCO, ID_TIPO_DE_CONTA ) VALUES ( CONTA_SEQ.NEXTVAL, 00.0 , 1, 11, 1 );
INSERT INTO CONTA ( CODIGO, SALDO, ID_AGENCIA, ID_BANCO, ID_TIPO_DE_CONTA ) VALUES ( CONTA_SEQ.NEXTVAL, 00.0 , 1, 11, 3 );
--CONTAS DA AGENCIA 2
INSERT INTO CONTA ( CODIGO, SALDO, ID_AGENCIA, ID_BANCO, ID_TIPO_DE_CONTA ) VALUES ( CONTA_SEQ.NEXTVAL, 00.0 , 2, 11, 1 );
INSERT INTO CONTA ( CODIGO, SALDO, ID_AGENCIA, ID_BANCO, ID_TIPO_DE_CONTA ) VALUES ( CONTA_SEQ.NEXTVAL, 00.0 , 2, 11, 3 );
--CONTAS DA AGENCIA 3
INSERT INTO CONTA ( CODIGO, SALDO, ID_AGENCIA, ID_BANCO, ID_TIPO_DE_CONTA ) VALUES ( CONTA_SEQ.NEXTVAL, 00.0 , 101, 11, 3 );
INSERT INTO CONTA ( CODIGO, SALDO, ID_AGENCIA, ID_BANCO, ID_TIPO_DE_CONTA ) VALUES ( CONTA_SEQ.NEXTVAL, 00.0 , 101, 11, 2 );
INSERT INTO CONTA ( CODIGO, SALDO, ID_AGENCIA, ID_BANCO, ID_TIPO_DE_CONTA ) VALUES ( CONTA_SEQ.NEXTVAL, 00.0 , 101, 11, 2 );
INSERT INTO CONTA ( CODIGO, SALDO, ID_AGENCIA, ID_BANCO, ID_TIPO_DE_CONTA ) VALUES ( CONTA_SEQ.NEXTVAL, 00.0 , 101, 11, 2 );

--CRIAÇÃO DAS CONTAS DO BANCO 241
--CLIENTES COM CPF 01 - 10
--CONTAS DA AGENCIA 1
INSERT INTO CONTA ( CODIGO, SALDO, ID_AGENCIA, ID_BANCO, ID_TIPO_DE_CONTA ) VALUES ( CONTA_SEQ.NEXTVAL, 00.0 , 1, 241, 1 );
INSERT INTO CONTA ( CODIGO, SALDO, ID_AGENCIA, ID_BANCO, ID_TIPO_DE_CONTA ) VALUES ( CONTA_SEQ.NEXTVAL, 00.0 , 1, 241, 3 );
INSERT INTO CONTA ( CODIGO, SALDO, ID_AGENCIA, ID_BANCO, ID_TIPO_DE_CONTA ) VALUES ( CONTA_SEQ.NEXTVAL, 00.0 , 1, 241, 1 );
INSERT INTO CONTA ( CODIGO, SALDO, ID_AGENCIA, ID_BANCO, ID_TIPO_DE_CONTA ) VALUES ( CONTA_SEQ.NEXTVAL, 00.0 , 1, 241, 3 );
INSERT INTO CONTA ( CODIGO, SALDO, ID_AGENCIA, ID_BANCO, ID_TIPO_DE_CONTA ) VALUES ( CONTA_SEQ.NEXTVAL, 00.0 , 1, 241, 3 );
INSERT INTO CONTA ( CODIGO, SALDO, ID_AGENCIA, ID_BANCO, ID_TIPO_DE_CONTA ) VALUES ( CONTA_SEQ.NEXTVAL, 00.0 , 1, 241, 2 );
INSERT INTO CONTA ( CODIGO, SALDO, ID_AGENCIA, ID_BANCO, ID_TIPO_DE_CONTA ) VALUES ( CONTA_SEQ.NEXTVAL, 00.0 , 1, 241, 2 );
INSERT INTO CONTA ( CODIGO, SALDO, ID_AGENCIA, ID_BANCO, ID_TIPO_DE_CONTA ) VALUES ( CONTA_SEQ.NEXTVAL, 00.0 , 1, 241, 2 );

--CRIAÇÃO DAS CONTAS DO BANCO 011
--CLIENTES COM CPF 01 - 10
--CONTAS DA AGENCIA 1
INSERT INTO CONTA ( CODIGO, SALDO, ID_AGENCIA, ID_BANCO, ID_TIPO_DE_CONTA ) VALUES ( CONTA_SEQ.NEXTVAL, 00.0 , 1, 307, 1 );
INSERT INTO CONTA ( CODIGO, SALDO, ID_AGENCIA, ID_BANCO, ID_TIPO_DE_CONTA ) VALUES ( CONTA_SEQ.NEXTVAL, 00.0 , 1, 307, 3 );
--CONTAS DA AGENCIA 2
INSERT INTO CONTA ( CODIGO, SALDO, ID_AGENCIA, ID_BANCO, ID_TIPO_DE_CONTA ) VALUES ( CONTA_SEQ.NEXTVAL, 00.0 , 8761, 307, 1 );
INSERT INTO CONTA ( CODIGO, SALDO, ID_AGENCIA, ID_BANCO, ID_TIPO_DE_CONTA ) VALUES ( CONTA_SEQ.NEXTVAL, 00.0 , 8761, 307, 3 );
--CONTAS DA AGENCIA 3
INSERT INTO CONTA ( CODIGO, SALDO, ID_AGENCIA, ID_BANCO, ID_TIPO_DE_CONTA ) VALUES ( CONTA_SEQ.NEXTVAL, 00.0 , 4567, 307, 3 );
INSERT INTO CONTA ( CODIGO, SALDO, ID_AGENCIA, ID_BANCO, ID_TIPO_DE_CONTA ) VALUES ( CONTA_SEQ.NEXTVAL, 00.0 , 4567, 307, 2 );
INSERT INTO CONTA ( CODIGO, SALDO, ID_AGENCIA, ID_BANCO, ID_TIPO_DE_CONTA ) VALUES ( CONTA_SEQ.NEXTVAL, 00.0 , 4567, 307, 2 );
INSERT INTO CONTA ( CODIGO, SALDO, ID_AGENCIA, ID_BANCO, ID_TIPO_DE_CONTA ) VALUES ( CONTA_SEQ.NEXTVAL, 00.0 , 4567, 307, 2 );

--CLIENTES DO BANCO CODIGO 11
INSERT INTO CONTA_X_CLIENTE ( ID_CONTA, ID_CLIENTE, ID_BANCO, ID_TIPO_CONTA) VALUES ( 1, '000.000.000-01', 11, 1 );
INSERT INTO CONTA_X_CLIENTE ( ID_CONTA, ID_CLIENTE, ID_BANCO, ID_TIPO_CONTA) VALUES ( 1, '000.000.000-02', 11, 1 );
INSERT INTO CONTA_X_CLIENTE ( ID_CONTA, ID_CLIENTE, ID_BANCO, ID_TIPO_CONTA) VALUES ( 1, '000.000.000-03', 11, 1 );
INSERT INTO CONTA_X_CLIENTE ( ID_CONTA, ID_CLIENTE, ID_BANCO, ID_TIPO_CONTA) VALUES ( 2, '000.000.000-10', 11, 3 );
INSERT INTO CONTA_X_CLIENTE ( ID_CONTA, ID_CLIENTE, ID_BANCO, ID_TIPO_CONTA) VALUES ( 2, '000.000.000-09', 11, 3 );
INSERT INTO CONTA_X_CLIENTE ( ID_CONTA, ID_CLIENTE, ID_BANCO, ID_TIPO_CONTA) VALUES ( 3, '000.000.000-04', 11, 1 );
INSERT INTO CONTA_X_CLIENTE ( ID_CONTA, ID_CLIENTE, ID_BANCO, ID_TIPO_CONTA) VALUES ( 3, '000.000.000-05', 11, 1 );
INSERT INTO CONTA_X_CLIENTE ( ID_CONTA, ID_CLIENTE, ID_BANCO, ID_TIPO_CONTA) VALUES ( 3, '000.000.000-06', 11, 1 );
INSERT INTO CONTA_X_CLIENTE ( ID_CONTA, ID_CLIENTE, ID_BANCO, ID_TIPO_CONTA) VALUES ( 4, '000.000.000-08', 11, 3 );
INSERT INTO CONTA_X_CLIENTE ( ID_CONTA, ID_CLIENTE, ID_BANCO, ID_TIPO_CONTA) VALUES ( 4, '000.000.000-07', 11, 3 );
INSERT INTO CONTA_X_CLIENTE ( ID_CONTA, ID_CLIENTE, ID_BANCO, ID_TIPO_CONTA) VALUES ( 5, '000.000.000-06', 11, 3 );
INSERT INTO CONTA_X_CLIENTE ( ID_CONTA, ID_CLIENTE, ID_BANCO, ID_TIPO_CONTA) VALUES ( 5, '000.000.000-05', 11, 3 );
INSERT INTO CONTA_X_CLIENTE ( ID_CONTA, ID_CLIENTE, ID_BANCO, ID_TIPO_CONTA) VALUES ( 6, '000.000.000-01', 11, 2 );
INSERT INTO CONTA_X_CLIENTE ( ID_CONTA, ID_CLIENTE, ID_BANCO, ID_TIPO_CONTA) VALUES ( 7, '000.000.000-02', 11, 2 );
INSERT INTO CONTA_X_CLIENTE ( ID_CONTA, ID_CLIENTE, ID_BANCO, ID_TIPO_CONTA) VALUES ( 8, '000.000.000-03', 11, 2 );

--CLIENTES DO BANCO CODIGO 241
INSERT INTO CONTA_X_CLIENTE ( ID_CONTA, ID_CLIENTE, ID_BANCO, ID_TIPO_CONTA) VALUES ( 9, '000.000.000-11', 241, 1 );
INSERT INTO CONTA_X_CLIENTE ( ID_CONTA, ID_CLIENTE, ID_BANCO, ID_TIPO_CONTA) VALUES ( 9, '000.000.000-12', 241, 1 );
INSERT INTO CONTA_X_CLIENTE ( ID_CONTA, ID_CLIENTE, ID_BANCO, ID_TIPO_CONTA) VALUES ( 9, '000.000.000-13', 241, 1 );
INSERT INTO CONTA_X_CLIENTE ( ID_CONTA, ID_CLIENTE, ID_BANCO, ID_TIPO_CONTA) VALUES ( 10, '000.000.000-20', 241, 3 );
INSERT INTO CONTA_X_CLIENTE ( ID_CONTA, ID_CLIENTE, ID_BANCO, ID_TIPO_CONTA) VALUES ( 10, '000.000.000-19', 241, 3 );
INSERT INTO CONTA_X_CLIENTE ( ID_CONTA, ID_CLIENTE, ID_BANCO, ID_TIPO_CONTA) VALUES ( 11, '000.000.000-14', 241, 1 );
INSERT INTO CONTA_X_CLIENTE ( ID_CONTA, ID_CLIENTE, ID_BANCO, ID_TIPO_CONTA) VALUES ( 11, '000.000.000-15', 241, 1 );
INSERT INTO CONTA_X_CLIENTE ( ID_CONTA, ID_CLIENTE, ID_BANCO, ID_TIPO_CONTA) VALUES ( 11, '000.000.000-16', 241, 1 );
INSERT INTO CONTA_X_CLIENTE ( ID_CONTA, ID_CLIENTE, ID_BANCO, ID_TIPO_CONTA) VALUES ( 12, '000.000.000-18', 241, 3 );
INSERT INTO CONTA_X_CLIENTE ( ID_CONTA, ID_CLIENTE, ID_BANCO, ID_TIPO_CONTA) VALUES ( 12, '000.000.000-17', 241, 3 );
INSERT INTO CONTA_X_CLIENTE ( ID_CONTA, ID_CLIENTE, ID_BANCO, ID_TIPO_CONTA) VALUES ( 13, '000.000.000-16', 241, 3 );
INSERT INTO CONTA_X_CLIENTE ( ID_CONTA, ID_CLIENTE, ID_BANCO, ID_TIPO_CONTA) VALUES ( 13, '000.000.000-15', 241, 3 );
INSERT INTO CONTA_X_CLIENTE ( ID_CONTA, ID_CLIENTE, ID_BANCO, ID_TIPO_CONTA) VALUES ( 14, '000.000.000-11', 241, 2 );
INSERT INTO CONTA_X_CLIENTE ( ID_CONTA, ID_CLIENTE, ID_BANCO, ID_TIPO_CONTA) VALUES ( 15, '000.000.000-12', 241, 2 );
INSERT INTO CONTA_X_CLIENTE ( ID_CONTA, ID_CLIENTE, ID_BANCO, ID_TIPO_CONTA) VALUES ( 16, '000.000.000-13', 241, 2 );

--CLIENTES DO BANCO CODIGO 307
INSERT INTO CONTA_X_CLIENTE ( ID_CONTA, ID_CLIENTE, ID_BANCO, ID_TIPO_CONTA) VALUES ( 17, '000.000.000-21', 307, 1 );
INSERT INTO CONTA_X_CLIENTE ( ID_CONTA, ID_CLIENTE, ID_BANCO, ID_TIPO_CONTA) VALUES ( 17, '000.000.000-22', 307, 1 );
INSERT INTO CONTA_X_CLIENTE ( ID_CONTA, ID_CLIENTE, ID_BANCO, ID_TIPO_CONTA) VALUES ( 17, '000.000.000-23', 307, 1 );
INSERT INTO CONTA_X_CLIENTE ( ID_CONTA, ID_CLIENTE, ID_BANCO, ID_TIPO_CONTA) VALUES ( 18, '000.000.000-30', 307, 3 );
INSERT INTO CONTA_X_CLIENTE ( ID_CONTA, ID_CLIENTE, ID_BANCO, ID_TIPO_CONTA) VALUES ( 18, '000.000.000-29', 307, 3 );
INSERT INTO CONTA_X_CLIENTE ( ID_CONTA, ID_CLIENTE, ID_BANCO, ID_TIPO_CONTA) VALUES ( 19, '000.000.000-24', 307, 1 );
INSERT INTO CONTA_X_CLIENTE ( ID_CONTA, ID_CLIENTE, ID_BANCO, ID_TIPO_CONTA) VALUES ( 19, '000.000.000-25', 307, 1 );
INSERT INTO CONTA_X_CLIENTE ( ID_CONTA, ID_CLIENTE, ID_BANCO, ID_TIPO_CONTA) VALUES ( 19, '000.000.000-26', 307, 1 );
INSERT INTO CONTA_X_CLIENTE ( ID_CONTA, ID_CLIENTE, ID_BANCO, ID_TIPO_CONTA) VALUES ( 20, '000.000.000-28', 307, 3 );
INSERT INTO CONTA_X_CLIENTE ( ID_CONTA, ID_CLIENTE, ID_BANCO, ID_TIPO_CONTA) VALUES ( 20, '000.000.000-27', 307, 3 );
INSERT INTO CONTA_X_CLIENTE ( ID_CONTA, ID_CLIENTE, ID_BANCO, ID_TIPO_CONTA) VALUES ( 21, '000.000.000-26', 307, 3 );
INSERT INTO CONTA_X_CLIENTE ( ID_CONTA, ID_CLIENTE, ID_BANCO, ID_TIPO_CONTA) VALUES ( 21, '000.000.000-25', 307, 3 );
INSERT INTO CONTA_X_CLIENTE ( ID_CONTA, ID_CLIENTE, ID_BANCO, ID_TIPO_CONTA) VALUES ( 22, '000.000.000-21', 307, 2 );
INSERT INTO CONTA_X_CLIENTE ( ID_CONTA, ID_CLIENTE, ID_BANCO, ID_TIPO_CONTA) VALUES ( 23, '000.000.000-22', 307, 2 );
INSERT INTO CONTA_X_CLIENTE ( ID_CONTA, ID_CLIENTE, ID_BANCO, ID_TIPO_CONTA) VALUES ( 24, '000.000.000-23', 307, 2 );

CREATE SEQUENCE GERENTE_SEQ
    START WITH 1
    INCREMENT BY 1
    NOCYCLE;

INSERT INTO CLIENTE ( CPF, NOME, DATA_DE_NASCIMENTO, ESTADO_CIVIL ) VALUES ( '000.000.000-31', 'GERENTE 1', TO_DATE('2000/01/01', 'yyyy/mm/dd'), 'SOLTEIRO' );
INSERT INTO GERENTE ( CPF, CODIGO_FUNCIONARIO, TIPO_GERENTE, ID_AGENCIA, ID_BANCO ) VALUES ( '000.000.000-31', GERENTE_SEQ.NEXTVAL,'GG' , 1, 11 );

INSERT INTO CLIENTE ( CPF, NOME, DATA_DE_NASCIMENTO, ESTADO_CIVIL ) VALUES ( '000.000.000-32', 'GERENTE 2', TO_DATE('2000/01/01', 'yyyy/mm/dd'), 'SOLTEIRO' );
INSERT INTO GERENTE ( CPF, CODIGO_FUNCIONARIO, TIPO_GERENTE, ID_AGENCIA, ID_BANCO ) VALUES ( '000.000.000-32', GERENTE_SEQ.NEXTVAL,'GG' , 2, 11 );

INSERT INTO CLIENTE ( CPF, NOME, DATA_DE_NASCIMENTO, ESTADO_CIVIL ) VALUES ( '000.000.000-33', 'GERENTE 3', TO_DATE('2000/01/01', 'yyyy/mm/dd'), 'SOLTEIRO' );
INSERT INTO GERENTE ( CPF, CODIGO_FUNCIONARIO, TIPO_GERENTE, ID_AGENCIA, ID_BANCO ) VALUES ( '000.000.000-33', GERENTE_SEQ.NEXTVAL,'GG' , 101, 11 );

INSERT INTO CLIENTE ( CPF, NOME, DATA_DE_NASCIMENTO, ESTADO_CIVIL ) VALUES ( '000.000.000-34', 'GERENTE 4', TO_DATE('2000/01/01', 'yyyy/mm/dd'), 'SOLTEIRO' );
INSERT INTO GERENTE ( CPF, CODIGO_FUNCIONARIO, TIPO_GERENTE, ID_AGENCIA, ID_BANCO ) VALUES ( '000.000.000-34', GERENTE_SEQ.NEXTVAL,'GG' , 1, 241 );

INSERT INTO CLIENTE ( CPF, NOME, DATA_DE_NASCIMENTO, ESTADO_CIVIL ) VALUES ( '000.000.000-35', 'GERENTE 5', TO_DATE('2000/01/01', 'yyyy/mm/dd'), 'SOLTEIRO' );
INSERT INTO GERENTE ( CPF, CODIGO_FUNCIONARIO, TIPO_GERENTE, ID_AGENCIA, ID_BANCO ) VALUES ( '000.000.000-35', GERENTE_SEQ.NEXTVAL,'GG' , 1, 307 );

INSERT INTO CLIENTE ( CPF, NOME, DATA_DE_NASCIMENTO, ESTADO_CIVIL ) VALUES ( '000.000.000-36', 'GERENTE 6', TO_DATE('2000/01/01', 'yyyy/mm/dd'), 'SOLTEIRO' );
INSERT INTO GERENTE ( CPF, CODIGO_FUNCIONARIO, TIPO_GERENTE, ID_AGENCIA, ID_BANCO ) VALUES ( '000.000.000-36', GERENTE_SEQ.NEXTVAL,'GG' , 8761, 307 );

INSERT INTO CLIENTE ( CPF, NOME, DATA_DE_NASCIMENTO, ESTADO_CIVIL ) VALUES ( '000.000.000-37', 'GERENTE 7', TO_DATE('2000/01/01', 'yyyy/mm/dd'), 'SOLTEIRO' );
INSERT INTO GERENTE ( CPF, CODIGO_FUNCIONARIO, TIPO_GERENTE, ID_AGENCIA, ID_BANCO ) VALUES ( '000.000.000-37', GERENTE_SEQ.NEXTVAL,'GG' , 4567, 307 );

--EXERCICIO 07
/*   ===> pq não funcionou?
CREATE PROCEDURE FILTRAR_BANCO_POR_PAIS (
vNOME_DO_PAIS VARCHAR2
) 
IS
BEGIN
SELECT
    NOME
FROM
    BANCOS
WHERE
    CODIGO IN (
    SELECT DISTINCT
        ID_BANCO
    FROM
        AGENCIA
    WHERE
        ID_ENDERECO IN (
        SELECT 
            ID_ENDERECO 
        FROM 
            ENDERECO
        WHERE
            ID_CIDADE IN (    
            SELECT
                ID_CIDADE
            FROM
                CIDADE
            WHERE
                ID_ESTADO IN (
                    SELECT
                        ID_ESTADO 
                    FROM 
                        ESTADO 
                    WHERE 
                        ID_PAIS = ( 
                            SELECT 
                                ID_PAIS
                            FROM 
                                PAIS 
                            WHERE 
                                ( NOME = vNOME_DO_PAIS) 
                        )
                    )
                )
            )
        );
END;
*/

SELECT
    NOME
FROM
    BANCOS
WHERE
    CODIGO IN (
    SELECT DISTINCT
        ID_BANCO
    FROM
        AGENCIA
    WHERE
        ID_ENDERECO IN (
        SELECT 
            ID_ENDERECO 
        FROM 
            ENDERECO
        WHERE
            ID_CIDADE IN (    
            SELECT
                ID_CIDADE
            FROM
                CIDADE
            WHERE
                ID_ESTADO IN (
                    SELECT
                        ID_ESTADO 
                    FROM 
                        ESTADO 
                    WHERE 
                        ID_PAIS = ( 
                            SELECT 
                                ID_PAIS
                            FROM 
                                PAIS 
                            WHERE 
                                ( NOME = 'Brasil') 
                        )
                    )
                )
            )
        );

SELECT 
    ID_BANCO, ID_CLIENTE, ID_CONTA, NOME, DATA_DE_NASCIMENTO, ESTADO_CIVIL
FROM
    CONTA_X_CLIENTE
INNER JOIN CLIENTE
ON
    ID_CLIENTE = CPF
WHERE
    ID_CONTA IN(
    SELECT
    CODIGO
    FROM 
        CONTA
    WHERE
        ID_BANCO = 11 AND ID_AGENCIA = 2
        );

SELECT 
    NOME, CPF, DATA_DE_NASCIMENTO, ESTADO_CIVIL
FROM
    CLIENTE; 
    
    
    
-- Aula dia 24/05 - DEVE ESTAR COMENTADO
/*

SELECT COUNT(1) FROM PAIS;

SELECT PAIS.ID_PAIS AS ID, 
       PAIS.NOME AS PAIS,
       ESTADO.NOME AS NOME_ESTADO,
       CIDADE.NOME AS NOME_CIDADE
FROM PAIS INNER JOIN ESTADO ON PAIS.ID_PAIS = ESTADO.ID_PAIS
          INNER JOIN CIDADE ON ESTADO.ID_ESTADO = CIDADE.ID_CIDADE;

-- exercicio 7.1
SELECT DISTINCT BANCOS.CODIGO,
       BANCOS.NOME AS BANCO,
       PAIS.NOME AS PAIS
FROM BANCOS INNER JOIN AGENCIA ON ID_BANCO = BANCOS.CODIGO
            INNER JOIN ENDERECO  ON ENDERECO.ID_ENDERECO = AGENCIA.ID_ENDERECO
            INNER JOIN CIDADE ON CIDADE.ID_CIDADE = ENDERECO.ID_CIDADE
            INNER JOIN ESTADO ON ESTADO.ID_ESTADO = CIDADE.ID_ESTADO
            INNER JOIN PAIS ON PAIS.ID_PAIS = ESTADO.ID_PAIS
                WHERE PAIS.NOME like 'Argentina'
;


-- EXERCICIO 7.2 


SELECT * 
FROM AGENCIA
INNER JOIN CONTA ON AGENCIA.CODIGO = CONTA.ID_AGENCIA
INNER JOIN CONTA_X_CLIENTE CXC ON CXC.ID_CONTA = CONTA.CODIGO
INNER JOIN CLIENTE ON CLIENTE.CPF = CXC.ID_CLIENTE
INNER JOIN CLIENTE_X_ENDERECO CXE ON CLIENTE.CPF = CXE.ID_CLIENTE
INNER JOIN ENDERECO ON CXE.ID_ENDERECO = ENDERECO.ID_ENDERECO
INNER JOIN ENDERECO END_AGENCIA ON AGENCIA.ID_ENDERECO = END_AGENCIA.ID_ENDERECO;




SELECT CODIGO, ID_AGENCIA, ID_BANCO, ID_TIPO_DE_CONTA, SALDO FROM CONTA

SELECT ID_CONTA, ID_AGENCIA, ID_BANCO, ID_TIPO_CONTA FROM CLIENTE_X_CONTA
*/